にいな,,,10,名詞,固有名詞,人名,名,*,*,にいな,ニイナ,ニイナ
にぃな,,,10,名詞,固有名詞,人名,名,*,*,にぃな,ニイナ,ニイナ
さとうゆ,,,10,名詞,固有名詞,人名,名,*,*,さとうゆ,サトウユ,サトウユ
いずきち,,,10,名詞,固有名詞,人名,名,*,*,いずきち,イズキチ,イズキチ
まなみん,,,10,名詞,固有名詞,人名,名,*,*,まなみん,マナミン,マナミン
にこちゃん,,,10,名詞,固有名詞,人名,名,*,*,にこちゃん,ニコチャン,ニコチャン
さきてぃ,,,10,名詞,固有名詞,人名,名,*,*,さきてぃ,サキティ,サキティ
ひな誕祭,,,10,名詞,固有名詞,一般,*,*,*,ひな誕祭,ヒナタンサイ,ヒナタンサイ
日向坂,,,10,名詞,固有名詞,一般,*,*,*,日向坂,ヒナタザカ,ヒナタザカ
坂井新奈,,,10,名詞,固有名詞,人名,姓,*,*,坂井新奈,サカイニイナ,サカイニイナ
佐藤優羽,,,10,名詞,固有名詞,人名,姓,*,*,佐藤優羽,サトウユウ,サトウユウ
大田美月,,,10,名詞,固有名詞,人名,姓,*,*,大田美月,オオタミヅキ,オオタミヅキ
松尾桜,,,10,名詞,固有名詞,人名,姓,*,*,松尾桜,マツオサクラ,マツオサクラ
下田衣珠季,,,10,名詞,固有名詞,人名,姓,*,*,下田衣珠季,シモダイズキ,シモダイズキ
蔵盛妃那乃,,,10,名詞,固有名詞,人名,姓,*,*,蔵盛妃那乃,クラモリヒナノ,クラモリヒナノ
宮地すみれ,,,10,名詞,固有名詞,人名,姓,*,*,宮地すみれ,ミヤチスミレ,ミヤチスミレ
片山紗希,,,10,名詞,固有名詞,人名,姓,*,*,片山紗希,カタヤマサキ,カタヤマサキ
鶴崎仁香,,,10,名詞,固有名詞,人名,姓,*,*,鶴崎仁香,ツルサキニカ,ツルサキニカ
石塚瑶季,,,10,名詞,固有名詞,人名,姓,*,*,石塚瑶季,イシヅカタマキ,イシヅカタマキ
平尾帆夏,,,10,名詞,固有名詞,人名,姓,*,*,平尾帆夏,ヒラオホノカ,ヒラオホノカ
藤嶌果歩,,,10,名詞,固有名詞,人名,姓,*,*,藤嶌果歩,フジシマカホ,フジシマカホ
竹内希来里,,,10,名詞,固有名詞,人名,姓,*,*,竹内希来里,タケウチキラリ,タケウチキラリ
山下葉留花,,,10,名詞,固有名詞,人名,姓,*,*,山下葉留花,ヤマシタハルカ,ヤマシタハルカ
正源司陽子,,,10,名詞,固有名詞,人名,姓,*,*,正源司陽子,ショウゲンジヨウコ,ショウゲンジヨウコ
山口陽世,,,10,名詞,固有名詞,人名,姓,*,*,山口陽世,ヤマグチハルヨ,ヤマグチハルヨ
上村ひなの,,,10,名詞,固有名詞,人名,姓,*,*,上村ひなの,カミムラヒナノ,カミムラヒナノ
小坂菜緒,,,10,名詞,固有名詞,人名,姓,*,*,小坂菜緒,コサカナオ,コサカナオ
金村美玖,,,10,名詞,固有名詞,人名,姓,*,*,金村美玖,カネムラミク,カネムラミク
森本茉莉,,,10,名詞,固有名詞,人名,姓,*,*,森本茉莉,モリモトマリィ,モリモトマリィ
清水理央,,,10,名詞,固有名詞,人名,姓,*,*,清水理央,シミズリオ,シミズリオ
渡辺莉奈,,,10,名詞,固有名詞,人名,姓,*,*,渡辺莉奈,ワタナベリナ,ワタナベリナ
小西夏菜実,,,10,名詞,固有名詞,人名,姓,*,*,小西夏菜実,コニシナナミ,コニシナナミ
平岡海月,,,10,名詞,固有名詞,人名,姓,*,*,平岡海月,ヒラオカミヅキ,ヒラオカミヅキ
高井俐香,,,10,名詞,固有名詞,人名,姓,*,*,高井俐香,タカイリカ,タカイリカ
髙橋未来虹,,,10,名詞,固有名詞,人名,姓,*,*,髙橋未来虹,タカハシミクニ,タカハシミクニ
大野愛実,,,10,名詞,固有名詞,人名,姓,*,*,大野愛実,オオノアミ,オオノアミ
さくらぶりー,,,10,名詞,固有名詞,人名,名,*,*,さくらぶりー,サクラブリー,サクラブリー
らぶりー,,,10,名詞,固有名詞,人名,名,*,*,らぶりー,ラブリー,ラブリー
りかたん,,,10,名詞,固有名詞,人名,名,*,*,りかたん,リカタン,リカタン
りきゃたん,,,10,名詞,固有名詞,人名,名,*,*,りきゃたん,リキャタン,リキャタン
ひなのん,,,10,名詞,固有名詞,人名,名,*,*,ひなのん,ヒナノン,ヒナノン
ゆぅたん,,,10,名詞,固有名詞,人名,名,*,*,ゆぅたん,ユウタン,ユウタン
さくら,,,10,名詞,固有名詞,人名,名,*,*,さくら,サクラ,サクラ
にこちゃーん,,,10,名詞,固有名詞,人名,名,*,*,にこちゃーん,ニコチャーン,ニコチャーン
まなみんぃ,,,10,名詞,固有名詞,人名,名,*,*,まなみんぃ,マナミンィ,マナミンィ
ピンク先生,,,10,名詞,固有名詞,人名,名,*,*,ピンク先生,ピンクセンセイ,ピンクセンセイ
うさき,,,10,名詞,固有名詞,人名,名,*,*,うさき,ウサキ,ウサキ
オンラインミーグリ,,,10,名詞,固有名詞,一般,*,*,*,オンラインミーグリ,オンラインミーグリ,オンラインミーグリ
ミーグリ,,,10,名詞,固有名詞,一般,*,*,*,ミーグリ,ミーグリ,ミーグリ
